/*
 Navicat Premium Data Transfer

 Source Server         : xpt
 Source Server Type    : MySQL
 Source Server Version : 50723
 Source Host           : localhost
 Source Database       : ams

 Target Server Type    : MySQL
 Target Server Version : 50723
 File Encoding         : utf-8

 Date: 12/16/2019 21:49:31 PM
*/

SET NAMES utf8;
SET FOREIGN_KEY_CHECKS = 0;

-- ----------------------------
--  Table structure for `tbl_act_sign`
-- ----------------------------
DROP TABLE IF EXISTS `tbl_act_sign`;
CREATE TABLE `tbl_act_sign` (
  `asid` int(11) NOT NULL AUTO_INCREMENT,
  `uid` int(11) NOT NULL,
  `actid` int(11) NOT NULL,
  `sign_state` varchar(20) COLLATE utf8_bin DEFAULT NULL,
  PRIMARY KEY (`asid`),
  KEY `FK_学生报名` (`uid`),
  KEY `FK_学生报名2` (`actid`),
  CONSTRAINT `FK_学生报名` FOREIGN KEY (`uid`) REFERENCES `tbl_user` (`uid`),
  CONSTRAINT `FK_学生报名2` FOREIGN KEY (`actid`) REFERENCES `tbl_activity` (`actid`)
) ENGINE=InnoDB AUTO_INCREMENT=83 DEFAULT CHARSET=utf8 COLLATE=utf8_bin;

-- ----------------------------
--  Records of `tbl_act_sign`
-- ----------------------------
BEGIN;
INSERT INTO `tbl_act_sign` VALUES ('6', '20', '1', '报名'), ('8', '5', '1', '报名'), ('11', '10', '1', '报名'), ('12', '11', '1', '报名'), ('13', '18', '1', '报名'), ('14', '19', '1', '报名'), ('15', '24', '1', '报名'), ('16', '30', '1', '报名'), ('17', '33', '1', '报名'), ('18', '34', '1', '报名'), ('19', '43', '1', '报名'), ('20', '44', '1', '报名'), ('21', '46', '1', '报名'), ('22', '40', '1', '报名'), ('23', '38', '1', '报名'), ('24', '7', '2', '报名'), ('25', '8', '2', '报名'), ('26', '9', '2', '报名'), ('27', '11', '2', '报名'), ('28', '14', '2', '报名'), ('29', '11', '3', '报名'), ('30', '12', '3', '报名'), ('31', '13', '3', '报名'), ('32', '33', '3', '报名'), ('33', '34', '3', '报名'), ('34', '37', '3', '报名'), ('35', '40', '3', '报名'), ('36', '14', '6', '报名'), ('37', '15', '6', '报名'), ('38', '16', '6', '报名'), ('39', '17', '6', '报名'), ('40', '22', '7', '报名'), ('41', '24', '7', '报名'), ('42', '26', '7', '报名'), ('43', '16', '9', '报名'), ('44', '12', '9', '报名'), ('45', '13', '9', '报名'), ('46', '17', '9', '报名'), ('47', '45', '9', '报名'), ('48', '44', '9', '报名'), ('49', '43', '9', '报名'), ('50', '42', '9', '报名'), ('51', '40', '9', '报名'), ('52', '39', '9', '报名'), ('53', '38', '9', '报名'), ('54', '36', '9', '报名'), ('55', '35', '9', '报名'), ('56', '33', '9', '报名'), ('57', '30', '9', '报名'), ('58', '29', '9', '报名'), ('59', '8', '18', '报名'), ('60', '10', '18', '报名'), ('61', '18', '19', '报名'), ('62', '22', '19', '报名'), ('63', '26', '19', '报名'), ('64', '25', '19', '报名'), ('65', '30', '19', '报名'), ('66', '33', '19', '报名'), ('67', '5', '20', '报名'), ('68', '8', '20', '取消'), ('69', '10', '20', '取消'), ('70', '5', '19', '报名'), ('71', '5', '7', '报名'), ('72', '5', '10', '报名'), ('73', '14', '10', '报名'), ('74', '15', '10', '报名'), ('75', '14', '17', '报名'), ('76', '15', '17', '报名'), ('77', '21', '17', '报名'), ('78', '23', '17', '报名'), ('79', '26', '17', '报名'), ('80', '28', '17', '报名'), ('81', '30', '17', '报名'), ('82', '5', '4', '取消');
COMMIT;

-- ----------------------------
--  Table structure for `tbl_act_type`
-- ----------------------------
DROP TABLE IF EXISTS `tbl_act_type`;
CREATE TABLE `tbl_act_type` (
  `atid` int(11) NOT NULL AUTO_INCREMENT,
  `act_type_name` varchar(50) DEFAULT NULL,
  `act_type_state` varchar(50) DEFAULT NULL,
  PRIMARY KEY (`atid`)
) ENGINE=InnoDB AUTO_INCREMENT=6 DEFAULT CHARSET=utf8;

-- ----------------------------
--  Records of `tbl_act_type`
-- ----------------------------
BEGIN;
INSERT INTO `tbl_act_type` VALUES ('1', '素质拓展', '可用'), ('2', '演出/展示', '可用'), ('3', '竞技比赛', '可用'), ('4', '学习交流', '可用'), ('5', '纳新', '可用');
COMMIT;

-- ----------------------------
--  Table structure for `tbl_activity`
-- ----------------------------
DROP TABLE IF EXISTS `tbl_activity`;
CREATE TABLE `tbl_activity` (
  `actid` int(11) NOT NULL AUTO_INCREMENT,
  `cid` int(11) DEFAULT NULL,
  `uid` int(11) DEFAULT NULL,
  `fid` int(11) DEFAULT NULL,
  `act_name` varchar(100) COLLATE utf8_bin DEFAULT NULL,
  `act_contents` varchar(1000) COLLATE utf8_bin DEFAULT NULL,
  `atid` int(11) DEFAULT NULL,
  `chargeuid` int(11) DEFAULT NULL,
  `act_numberlimit` int(11) DEFAULT NULL,
  `start_time` varchar(50) COLLATE utf8_bin DEFAULT NULL,
  `end_time` varchar(50) COLLATE utf8_bin DEFAULT NULL,
  `act_state` varchar(20) COLLATE utf8_bin DEFAULT NULL,
  `act_time` varchar(50) COLLATE utf8_bin DEFAULT NULL,
  `act_type` varchar(20) COLLATE utf8_bin DEFAULT NULL,
  `act_remark` varchar(400) COLLATE utf8_bin DEFAULT NULL,
  PRIMARY KEY (`actid`),
  KEY `FK_Reference_10` (`fid`),
  KEY `FK_Reference_11` (`uid`),
  KEY `FK_举办` (`cid`),
  KEY `atid` (`atid`),
  CONSTRAINT `FK_Reference_10` FOREIGN KEY (`fid`) REFERENCES `tbl_field` (`fid`),
  CONSTRAINT `FK_Reference_11` FOREIGN KEY (`uid`) REFERENCES `tbl_user` (`uid`),
  CONSTRAINT `FK_举办` FOREIGN KEY (`cid`) REFERENCES `tbl_club` (`cid`),
  CONSTRAINT `FK_类别` FOREIGN KEY (`atid`) REFERENCES `tbl_act_type` (`atid`)
) ENGINE=InnoDB AUTO_INCREMENT=24 DEFAULT CHARSET=utf8 COLLATE=utf8_bin;

-- ----------------------------
--  Records of `tbl_activity`
-- ----------------------------
BEGIN;
INSERT INTO `tbl_activity` VALUES ('1', '1', null, '1', '周末足球友谊赛', '以增强学生体质，培养青少年拼搏进取，团结协作的体育精神为核心，以积极推进校园开展足球运动为宗旨，组织本校高年级学生举办校园足球体育活动，普及足球只是和技能的机制，从而为形成校园足球氛围、铸造校园足球品牌、培养校园足球苗子奠定基础。根据报名情况随机进行组队分组，踢出风格，踢出友谊。', '3', '26', '22', '2019-12-21 17:30:00', '2019-12-21 19:30:00', '已发布', '2019-11-21 08:59:00', '全部', null), ('2', '1', null, '2', '足球趣味游戏', '本次活动展示重在体现“以学生发展为本”的教学理念，让学生感受足球的乐趣，培养学生对足球的兴趣，挖掘学生的潜能，发展特长，促进学生身心健康发展。我们将会组织同学们玩一些关于足球的趣味游戏，让同学们更加了解足球，爱上足球，活动一定精彩纷呈，走过路过不要错过', '1', '5', '30', '2019-12-22 13:00:00', '2019-12-22 15:30:00', '已发布', '2019-11-27 22:28:00', '全部', null), ('3', '1', null, '1', '新生杯足球赛', '尽情享受，挑战自我，这是进大学以来的第一次足球赛，尽情发挥吧，在这里可以结交志同道合的朋友！', '3', '17', '88', '2019-12-16 13:00:00', '2019-12-16 15:00:00', '已发布', '2019-08-15 16:22:00', '全部', null), ('4', '1', null, '13', '足球发展历史交流会', '畅所欲言，提高本社团内对足球的了解，作为热爱足球的人，我们不能只会踢球，还要有知识，知识就是力量！让我们行动起来。请参加活动时请带上纸和笔，及时做记录。', '4', '8', '100', '2019-12-20 13:00:00', '2019-12-20 16:00:00', '已发布', '2019-10-01 09:42:00', '社内', null), ('5', '1', null, '1', '菜鸟足球面对面教学', '足球队大佬面对面教你如何踢足球', '4', '5', '20', '2019-12-17 18:00:00', '2019-12-17 19:00:00', '已发布', '2019-12-01 13:52:00', '社内', null), ('6', '2', null, '29', '新生杯篮球赛', '新学期开学了，为了丰富我学院大一新生的校园生活，展现青春活力，我们给新生们提供了一个互相竞技的舞台--新生杯篮球赛。本次新生杯篮球赛的举办能够充分地增强同学之间的凝聚力，锻炼他们的团队合作精神，促进各系以及班级之间友谊的发展,增强全院上下的凝聚力,为以后的院级活动打下良好基础。\n比赛分为A B两组，一组5个分院，本次比赛以积分形式比赛，赢一场得2个积分，输一场得1个积分，每组比赛结束之后淘汰3个分院，积分最高的分院进入决赛。\n比赛每队必须出任5人参加，其它7人做后补人员，各队自行安排。比赛时长：四小节12分钟制，共48分钟。每节休息5分钟', '3', '14', '128', '2019-12-14 13:00:00', '2019-12-14 13:00:00', '已发布', '2019-11-28 09:50:00', '全部', null), ('7', '2', null, '29', '篮球趣味游戏', '很有趣，门槛低，快来报名！丰富学生课余生活，更好地提高同学们对体育的热爱，促进同学们之间更好地感情交流，提高队员之间的团结意识，建设更好的校园文化。如由于天气等方面原因无法开展活动，则本次活动将另更时间。', '1', '8', '50', '2019-12-23 13:00:00', '2019-12-23 15:00:00', '已发布', '2019-12-03 09:50:00', '全部', null), ('8', '2', null, '3', '小型篮球研讨会', '小型研讨交流会，讨论篮球相关技巧等', '4', '6', '66', '2019-12-25 14:00:00', '2019-12-25 17:00:00', '修改待审', '2019-12-07 09:50:00', '社内', null), ('9', '3', null, '6', '冬季摄影大赛开幕式', '为了落实我院“两访两创”活动深入每位师生心中，为了丰富校园文化生活，以“寻美、审美、悟美”为方向，激励同学们在生活中留心留目，在生活的细节中寻找美的画面，取之于瞬间，藏之于永恒。在我们鄂大的校园中，或是一次新闻时间的记录，或是一幅人物肖像，或是一幅美丽的风景照，或是生活中平凡的一瞬间，这一切的一切都记录着生活，记录着历史，为我们留下深刻的记忆……透过镜头，分享生活的的点滴，赞叹祖国山川的壮丽，感悟自然的魅力，感受青春的萌动，将灵动的一刻，永远珍藏在青春纪念册上!在此基础上我们举办了此次“魅力鄂大”大学生摄影大赛。', '2', '6', '200', '2019-12-20 09:00:00', '2019-12-20 11:30:00', '已发布', '2019-12-03 09:53:00', '全部', null), ('10', null, '2', '3', '考研讲座', '考研的同学可以来听一下', '4', '7', '300', '2019-12-13 13:00:00', '2019-12-13 16:00:00', '已发布', '2019-11-24 11:50:00', '全部', null), ('14', '1', null, '6', '足球物品跳蚤市场', '也许你想体验一下足球的魅力，却怕浪费不想买昂贵的装备；也许你有闲置的足球装备，却无处安放，那么快来我们的跳蚤市场吧！诚信交易，拒绝溢价。', '3', '5', '100', '2019-12-30 15:00:00', '2019-12-30 16:00:00', '发布待审', '2019-12-15 23:12:49', '全部', null), ('15', '1', null, '1', '第十五周常规足球赛', '根据报名情况随机组队，给大家带来激烈的足球比赛感，名额有限，赶快报名。比赛规则同以前。', '3', '10', '22', '2019-12-19 09:00:00', '2019-12-19 11:00:00', '修改待审', '2019-12-15 23:18:34', '全部', null), ('16', '1', null, '1', '高手足球赛', '本场比赛为高手间的比赛，水平较高，请各位同学考虑清楚后再报名。', '3', '8', '22', '2020-01-02 15:00:00', '2020-01-02 17:00:00', '已驳回', '2019-12-15 23:22:54', '全部', '马上期末了，举办时间过于晚。'), ('17', null, '1', '3', '学期社团总结展示会', '又到了一年一度的社团风采展示会，一年过去了，我们的社团又有哪些变化和成长呢，一起期待他们的演出吧。座位有限，先到先得', '2', '45', '800', '2019-12-31 19:00:00', '2019-12-31 21:30:00', '已发布', '2019-12-15 23:33:08', '全部', null), ('18', '9', null, '16', '大众魔术教学', '魔术是以随机应变为核心的一种表演艺术，它抓住人们好奇、求知心理的特点，制造出种种让人不可思议、变幻莫测的假象，从而达到以假乱真的艺术效果，展示了独到的艺术趣味。如果你也想学会一两个小魔术，那么这个活动你不能错过。魔术社的成员们将会教大家手把手变魔术。', '4', '20', '10', '2019-12-18 10:00:00', '2019-12-18 12:00:00', '已发布', '2019-12-15 23:37:12', '全部', null), ('19', '9', null, '26', '魔术表演秀', '你想亲眼感受魔术的魅力吗？魔术社的大佬们将会带给大家一出精彩绝伦的大秀，你一定会被他们吸引的！现场提供小道具可供试玩。', '2', '21', '40', '2019-12-23 14:00:00', '2019-12-23 16:00:00', '已发布', '2019-12-15 23:47:40', '全部', null), ('20', '10', null, '14', '与戏剧演员“李中书”面对面', '戏剧社花了血本，将李中书老师请到学校，同学们可以与老师面对面的交流心得体会，相信通过本次活动，大家对戏剧的理解程度会更上一层楼', '4', '13', '10', '2019-12-20 19:00:00', '2019-12-20 20:00:00', '已发布', '2019-12-15 23:54:42', '社内', null), ('21', '19', null, '4', '2019“衣衣不舍”捐衣活动', '本次活动主题是2019“衣衣不舍”捐衣活动，我们将在活动中捐赠冬衣等，为贫困地区的人们送去温暖。我们号召全体学生献出自己的爱心，使闲置不用的衣服得到利用，让学生感受到帮助别人的乐趣，营造乐于奉献，关爱他人的良好氛围，并培养学生的感恩之心与社会责任心，使学生热心关注社会公益事业。', '1', '8', '200', '2019-12-23 09:00:00', '2019-12-23 11:00:00', '发布待审', '2019-12-16 15:52:50', '全部', null), ('22', '3', null, '27', '摄影大赛：不曾说出的话，像极了此刻的云', '为庆祝浙江大学城市学院20周年校庆，vder创意设计协会举办以“天空”为主题的创意摄影大赛。参赛作品必须以原创为第一原则！\n\n\n展出地点：文三一楼大厅\n\n摄影主题：天空\n\n参与形式：\n1.手机相机均可，只允许照片的形式\n2.鼓励以一组作品（两张及以上）的形式上传\n3.要求有一段描述性的文字\n\n活动对象：浙江大学城市学院全体同学\n\n投稿邮箱：2226027468@qq.com\n\n投稿格式：将文字以正文的形式，照片以附件    的形式，发送至投稿邮箱，邮件主题为“分院+班级+姓名+学号+手机号”（手机号是为了方便向您发送通知）\n\n符合上诉要求的参与者即视为有效参与该活动，\n有效参与即有素质分。活动结束后我们会评选出10位同学的优秀作品进行展示。\n\n参与活动的同学欢迎加入活动咨询群(直接放群二维码会吸引不法分子添加，麻烦各位同学先加社长微信）', '3', '33', '100', '2019-12-19 10:00:00', '2019-12-19 11:00:00', '已发布', '2019-12-16 15:55:36', '全部', null), ('23', '1', null, '1', '足球社年终考核', '又一年结束了，本次考核将会通过几场专业测试，评测同学们在这一年中的足球素养是否有进步。表现优异者可获得丰厚的奖励！', '1', '5', '60', '2019-12-31 14:00:00', '2019-12-31 17:00:00', '发布待审', '2019-12-16 19:36:31', '社内', null);
COMMIT;

-- ----------------------------
--  Table structure for `tbl_club`
-- ----------------------------
DROP TABLE IF EXISTS `tbl_club`;
CREATE TABLE `tbl_club` (
  `cid` int(11) NOT NULL AUTO_INCREMENT,
  `cname` varchar(40) COLLATE utf8_bin DEFAULT NULL,
  `club_contents` varchar(400) COLLATE utf8_bin DEFAULT NULL,
  `club_logo` varchar(100) COLLATE utf8_bin DEFAULT NULL,
  `club_state` varchar(20) COLLATE utf8_bin DEFAULT NULL,
  `ctid` int(11) DEFAULT NULL,
  PRIMARY KEY (`cid`)
) ENGINE=InnoDB AUTO_INCREMENT=43 DEFAULT CHARSET=utf8 COLLATE=utf8_bin;

-- ----------------------------
--  Records of `tbl_club`
-- ----------------------------
BEGIN;
INSERT INTO `tbl_club` VALUES ('1', '足球社', '这是热爱足球的同学们的大本营', 'img/club/1.jpg', '运行', '2'), ('2', '篮球社', '和我们一起来打篮球吧', 'img/club/2.jpg', '运行', '2'), ('3', '摄影社', '热爱生活', 'img/club/3.jpg', '运行', '4'), ('4', '轮滑社', '滑出精彩人生', 'img/club/4.jpg', '运行', '2'), ('5', '推理社', '你就是下一个名侦探', 'img/club/5.jpg', '运行', '1'), ('6', '文学社', '读万卷书', 'img/club/6.jpg', '运行', '5'), ('7', '跆拳道社', '保护你想保护的人', 'img/club/7.jpg', '运行', '2'), ('8', '民乐社', '弹奏人生的乐章', 'img/club/8.jpg', '运行', '4'), ('9', '魔术社', '玩转世界', 'img/club/init.jpg', '运行', '4'), ('10', '戏剧社', '该配合你演出的我演视而不见', 'img/club/init.jpg', '运行', '4'), ('11', '烹饪协会', '带给你不一样的美味', 'img/club/init.jpg', '运行', '4'), ('12', '合唱社', '聆听声音的美好', 'img/club/init.jpg', '运行', '4'), ('13', '科技创新协会', '科技就是力量', 'img/club/init.jpg', '运行', '3'), ('14', '自行车协会', '爱车，爱生活', 'img/club/init.jpg', '运行', '2'), ('15', '动漫社', '二次元才是王道', 'img/club/init.jpg', '运行', '4'), ('16', '天文协会', '徜徉在星空下，感受与星为伴的浪漫！', 'img/club/init.jpg', '运行', '1'), ('17', '辩论社', '感受唇枪舌剑的交锋', 'img/club/init.jpg', '运行', '4'), ('18', '跆拳道协会', '百折不挠，报效祖国！', 'img/club/init.jpg', '运行', '2'), ('19', '志愿者协会', '让世间多一份爱', 'img/club/init.jpg', '运行', '6'), ('20', '史努比协会', '分享史努比系列的一切', 'img/club/init.jpg', '运行', '1'), ('21', '环保协会', '齐心协力共创美好家园', 'img/club/init.jpg', '运行', '6'), ('22', '围棋社', '开动你的大脑，战胜对手！', 'img/club/init.jpg', '运行', '2'), ('23', '花样跳绳协会', '跳出你的精彩，跳出我们的花样世界！', 'img/club/init.jpg', '运行', '2'), ('24', '书画社', '用笔写出你的风采，用画笔描绘精彩的世界！', 'img/club/init.jpg', '运行', '5'), ('25', '音乐社', '一个有着优美动听音乐的王国', 'img/club/init.jpg', '运行', '4'), ('26', '乒乓球协会', '乒乒乓乓走世界', 'img/club/init.jpg', '运行', '2'), ('27', '学习社', '好好学习，天天向上！', 'img/club/init.jpg', '运行', '1'), ('28', '新闻社', '做你的小灵通', 'img/club/init.jpg', '运行', '6'), ('29', '武术社', '这里是武林高手的聚集地...', 'img/club/init.jpg', '成立待审', '2'), ('30', '影视评论社', '欢迎喜欢影视作品的小伙伴', 'img/club/init.jpg', '成立待审', '1'), ('31', '电竞社', '一起开黑吧', 'img/club/init.jpg', '成立待审', '2'), ('32', '网球协会', '打网球使人快乐', 'img/club/init.jpg', '成立待审', '2'), ('33', '空竹协会', '勇于尝试才会更加热爱！', 'img/club/init.jpg', '成立待审', '2'), ('34', '英语协会', 'This is our time.', 'img/club/init.jpg', '成立待审', '1'), ('35', '散打社', '强身健体，保持身心健康！', 'img/club/init.jpg', '成立待审', '2'), ('36', '礼仪社', '管理你的形象，助你在变好看的路上越走越远', 'img/club/init.jpg', '修改待审', '4'), ('37', '日语协会', 'あなたの到着を歓迎します', 'img/club/init.jpg', '修改待审', '1'), ('38', '旅游协会', '莺飞草长，爱的人正在路上。', 'img/club/init.jpg', '修改待审', '6'), ('39', '质量安全协会', '为你的健康多一份保证', 'img/club/init.jpg', '修改待审', '6'), ('40', '主持人社', '在舞台上绽放主持人的魅力！', 'img/club/init.jpg', '修改待审', '4');
COMMIT;

-- ----------------------------
--  Table structure for `tbl_club_members`
-- ----------------------------
DROP TABLE IF EXISTS `tbl_club_members`;
CREATE TABLE `tbl_club_members` (
  `cmid` int(11) NOT NULL AUTO_INCREMENT,
  `uid` int(11) NOT NULL,
  `cid` int(11) NOT NULL,
  `president_flag` int(11) DEFAULT NULL,
  `mem_state` varchar(20) COLLATE utf8_bin DEFAULT NULL,
  `reason` varchar(400) COLLATE utf8_bin DEFAULT NULL,
  PRIMARY KEY (`cmid`),
  KEY `FK_学生属于` (`uid`),
  KEY `FK_学生属于2` (`cid`),
  CONSTRAINT `FK_学生属于` FOREIGN KEY (`uid`) REFERENCES `tbl_user` (`uid`),
  CONSTRAINT `FK_学生属于2` FOREIGN KEY (`cid`) REFERENCES `tbl_club` (`cid`)
) ENGINE=InnoDB AUTO_INCREMENT=130 DEFAULT CHARSET=utf8 COLLATE=utf8_bin;

-- ----------------------------
--  Records of `tbl_club_members`
-- ----------------------------
BEGIN;
INSERT INTO `tbl_club_members` VALUES ('1', '5', '1', '1', '在社', '没有理由'), ('2', '6', '2', '1', '在社', '没有理由'), ('3', '7', '3', '1', '在社', '没有理由'), ('4', '8', '4', '1', '在社', '没有理由'), ('5', '9', '5', '1', '在社', '没有理由'), ('6', '10', '6', '1', '在社', '没有理由'), ('7', '11', '7', '1', '在社', '没有理由'), ('8', '12', '8', '1', '在社', '没有理由'), ('9', '13', '9', '1', '在社', '没有理由'), ('10', '14', '10', '1', '在社', '没有理由'), ('11', '15', '11', '1', '在社', '没有理由'), ('12', '16', '12', '1', '在社', '没有理由'), ('13', '17', '13', '1', '在社', '没有理由'), ('14', '18', '14', '1', '待审核', '没有理由'), ('15', '19', '15', '1', '在社', '没有理由'), ('16', '20', '16', '1', '已退社', '没有理由'), ('17', '21', '17', '1', '在社', '没有理由'), ('18', '22', '18', '1', '在社', '没有理由'), ('19', '23', '19', '1', '在社', '没有理由'), ('20', '24', '20', '1', '在社', '没有理由'), ('21', '25', '1', '0', '在社', '没有理由'), ('22', '26', '2', '0', '在社', '没有理由'), ('23', '27', '3', '0', '在社', '没有理由'), ('24', '28', '4', '0', '在社', '没有理由'), ('25', '29', '5', '0', '在社', '没有理由'), ('26', '30', '6', '0', '在社', '没有理由'), ('27', '5', '2', '0', '在社', '没有理由'), ('28', '5', '4', '0', '在社', '没有理由'), ('29', '5', '6', '0', '在社', '没有理由'), ('30', '5', '8', '0', '在社', '没有理由'), ('31', '5', '10', '0', '在社', '没有理由'), ('32', '5', '12', '0', '在社', '没有理由'), ('33', '6', '14', '0', '在社', '没有理由'), ('34', '6', '16', '0', '在社', '没有理由'), ('35', '6', '18', '0', '在社', '没有理由'), ('36', '6', '4', '0', '在社', '没有理由'), ('37', '7', '1', '0', '在社', '没有理由'), ('38', '7', '14', '0', '在社', '没有理由'), ('39', '7', '18', '0', '在社', '没有理由'), ('40', '7', '4', '0', '在社', '没有理由'), ('41', '7', '5', '0', '在社', '没有理由'), ('42', '7', '6', '0', '在社', '没有理由'), ('43', '8', '1', '0', '在社', '没有理由'), ('44', '8', '15', '0', '在社', '没有理由'), ('45', '8', '3', '0', '在社', '没有理由'), ('46', '8', '4', '0', '在社', '没有理由'), ('47', '8', '5', '0', '在社', '没有理由'), ('48', '9', '1', '0', '在社', '没有理由'), ('49', '9', '2', '0', '在社', '没有理由'), ('50', '9', '13', '0', '在社', '没有理由'), ('51', '9', '17', '0', '在社', '没有理由'), ('52', '9', '5', '0', '在社', '没有理由'), ('53', '9', '7', '0', '在社', '没有理由'), ('54', '10', '1', '0', '在社', '没有理由'), ('55', '10', '3', '0', '在社', '没有理由'), ('56', '10', '8', '0', '在社', '没有理由'), ('57', '10', '12', '0', '在社', '没有理由'), ('58', '10', '14', '0', '在社', '没有理由'), ('59', '10', '16', '0', '待审核', '没有理由'), ('60', '11', '1', '0', '在社', '没有理由'), ('61', '11', '3', '0', '在社', '没有理由'), ('62', '11', '6', '0', '在社', '没有理由'), ('63', '11', '9', '0', '在社', '没有理由'), ('64', '11', '11', '0', '在社', '没有理由'), ('65', '11', '15', '0', '在社', '没有理由'), ('66', '11', '17', '0', '在社', '没有理由'), ('67', '11', '19', '0', '在社', '没有理由'), ('68', '12', '1', '0', '在社', '没有理由'), ('69', '13', '1', '0', '在社', '没有理由'), ('70', '14', '1', '0', '在社', '没有理由'), ('71', '15', '1', '0', '在社', '没有理由'), ('72', '16', '1', '0', '在社', '没有理由'), ('73', '17', '1', '0', '在社', '没有理由'), ('74', '18', '1', '0', '在社', '没有理由'), ('75', '19', '1', '0', '在社', '没有理由'), ('76', '20', '1', '0', '在社', '没有理由'), ('77', '21', '1', '0', '在社', '没有理由'), ('78', '22', '1', '0', '在社', '没有理由'), ('79', '23', '1', '0', '在社', '没有理由'), ('80', '24', '1', '0', '在社', '没有理由'), ('81', '25', '1', '0', '在社', '没有理由'), ('82', '26', '1', '0', '在社', '没有理由'), ('83', '27', '1', '0', '在社', '没有理由'), ('84', '28', '1', '0', '在社', '没有理由'), ('85', '29', '1', '0', '在社', '没有理由'), ('86', '30', '1', '0', '在社', '没有理由'), ('87', '12', '2', '0', '在社', '没有理由'), ('88', '13', '2', '0', '在社', '没有理由'), ('89', '14', '2', '0', '在社', '没有理由'), ('90', '15', '2', '0', '在社', '没有理由'), ('91', '16', '2', '0', '在社', '没有理由'), ('92', '17', '2', '0', '在社', '没有理由'), ('93', '18', '2', '0', '待审核', '没有理由'), ('94', '19', '2', '0', '在社', '没有理由'), ('95', '20', '2', '0', '在社', '没有理由'), ('96', '21', '2', '0', '待审核', '没有理由'), ('97', '22', '2', '0', '待审核', '没有理由'), ('98', '23', '2', '0', '在社', '没有理由'), ('99', '24', '2', '0', '在社', '没有理由'), ('100', '25', '2', '0', '在社', '没有理由'), ('101', '26', '2', '0', '在社', '没有理由'), ('102', '27', '2', '0', '在社', '没有理由'), ('103', '28', '2', '0', '已退社', '没有理由'), ('104', '29', '2', '0', '已退社', '没有理由'), ('105', '25', '36', '1', '在社', '没有理由'), ('106', '26', '37', '1', '在社', '没有理由'), ('107', '27', '38', '1', '在社', '没有理由'), ('108', '28', '39', '1', '在社', '没有理由'), ('109', '29', '40', '1', '在社', '没有理由'), ('110', '30', '21', '1', '在社', '没有理由'), ('111', '31', '22', '1', '在社', '没有理由'), ('112', '32', '23', '1', '在社', '没有理由'), ('113', '33', '24', '1', '在社', '没有理由'), ('114', '34', '25', '1', '在社', '没有理由'), ('115', '35', '26', '1', '在社', '没有理由'), ('116', '36', '27', '1', '在社', '没有理由'), ('117', '37', '28', '1', '在社', '没有理由'), ('118', '38', '29', '1', '在社', '没有理由'), ('119', '39', '30', '1', '在社', '没有理由'), ('120', '40', '31', '1', '在社', '没有理由'), ('121', '41', '32', '1', '在社', '没有理由'), ('122', '42', '33', '1', '在社', '没有理由'), ('123', '43', '34', '1', '在社', '没有理由'), ('124', '44', '35', '1', '在社', '没有理由'), ('125', '45', '1', '0', '在社', '没有理由'), ('126', '47', '1', '0', '待审核', '想学踢足球'), ('127', '49', '1', '0', '待审核', '可以和社团内的成员交流足球技巧'), ('128', '48', '1', '0', '待审核', '锻炼自己的能力，交到朋友'), ('129', '31', '1', '0', '待审核', '足球社是个温暖的大家庭');
COMMIT;

-- ----------------------------
--  Table structure for `tbl_club_type`
-- ----------------------------
DROP TABLE IF EXISTS `tbl_club_type`;
CREATE TABLE `tbl_club_type` (
  `ctid` int(11) NOT NULL AUTO_INCREMENT,
  `club_type_name` varchar(255) DEFAULT NULL,
  `club_type_state` varchar(255) DEFAULT NULL,
  PRIMARY KEY (`ctid`)
) ENGINE=InnoDB AUTO_INCREMENT=7 DEFAULT CHARSET=utf8;

-- ----------------------------
--  Records of `tbl_club_type`
-- ----------------------------
BEGIN;
INSERT INTO `tbl_club_type` VALUES ('1', '理论研究类', '可用'), ('2', '体育竞技类', '可用'), ('3', '科技创新类', '可用'), ('4', '艺术特长类', '可用'), ('5', '文化传承类', '可用'), ('6', '社会服务类', '可用');
COMMIT;

-- ----------------------------
--  Table structure for `tbl_field`
-- ----------------------------
DROP TABLE IF EXISTS `tbl_field`;
CREATE TABLE `tbl_field` (
  `fid` int(11) NOT NULL AUTO_INCREMENT,
  `fname` varchar(50) COLLATE utf8_bin DEFAULT NULL,
  `f_numberlimit` int(11) DEFAULT NULL,
  `f_state` varchar(20) COLLATE utf8_bin DEFAULT NULL,
  PRIMARY KEY (`fid`)
) ENGINE=InnoDB AUTO_INCREMENT=30 DEFAULT CHARSET=utf8 COLLATE=utf8_bin;

-- ----------------------------
--  Records of `tbl_field`
-- ----------------------------
BEGIN;
INSERT INTO `tbl_field` VALUES ('1', '南校操场草坪', '2000', '启用'), ('2', '风雨操场一楼', '1000', '启用'), ('3', '图信报告厅', '800', '启用'), ('4', '南校操场跑道', '1000', '启用'), ('5', '图书馆', '1600', '禁用'), ('6', '风雨操场二楼', '1000', '启用'), ('7', '教1-101', '100', '启用'), ('8', '教1-102', '100', '启用'), ('9', '教1-103', '100', '启用'), ('10', '教2-101', '100', '启用'), ('11', '教2-102', '100', '启用'), ('12', '教2-103', '100', '启用'), ('13', '教3-101', '100', '启用'), ('14', '教3-102', '100', '启用'), ('15', '教3-103', '100', '启用'), ('16', '教4-101', '100', '启用'), ('17', '教4-102', '100', '启用'), ('18', '教4-103', '100', '启用'), ('19', '教5-101', '100', '启用'), ('20', '教5-102', '100', '启用'), ('21', '教5-103', '100', '启用'), ('22', '教6-101', '100', '启用'), ('23', '教6-102', '100', '启用'), ('24', '教6-103', '100', '启用'), ('25', '教7-101', '100', '启用'), ('26', '教7-102', '100', '启用'), ('27', '教7-103', '100', '启用'), ('28', '北校操场', '2000', '已删除'), ('29', '南校篮球场', '800', '启用');
COMMIT;

-- ----------------------------
--  Table structure for `tbl_news`
-- ----------------------------
DROP TABLE IF EXISTS `tbl_news`;
CREATE TABLE `tbl_news` (
  `newsid` int(11) NOT NULL AUTO_INCREMENT,
  `uid` int(11) DEFAULT NULL,
  `cid` int(11) DEFAULT NULL,
  `news_title` varchar(200) COLLATE utf8_bin DEFAULT NULL,
  `news_contents` varchar(1000) COLLATE utf8_bin DEFAULT NULL,
  `news_img` varchar(800) COLLATE utf8_bin DEFAULT NULL,
  `news_type` varchar(20) COLLATE utf8_bin DEFAULT NULL,
  `news_state` varchar(20) COLLATE utf8_bin DEFAULT NULL,
  `news_remark` varchar(400) COLLATE utf8_bin DEFAULT NULL,
  `news_time` varchar(100) COLLATE utf8_bin DEFAULT NULL,
  PRIMARY KEY (`newsid`),
  KEY `FK_由社联管理员发布` (`uid`),
  KEY `FK_由社长发布` (`cid`),
  CONSTRAINT `FK_由社联管理员发布` FOREIGN KEY (`uid`) REFERENCES `tbl_user` (`uid`),
  CONSTRAINT `FK_由社长发布` FOREIGN KEY (`cid`) REFERENCES `tbl_club` (`cid`)
) ENGINE=InnoDB AUTO_INCREMENT=29 DEFAULT CHARSET=utf8 COLLATE=utf8_bin;

-- ----------------------------
--  Records of `tbl_news`
-- ----------------------------
BEGIN;
INSERT INTO `tbl_news` VALUES ('1', null, '1', '足球社的风采', '足球社团以增强学生体质，培养学生拼搏进取、团结协作的体育精神为宗旨，通过开展校园足球活动，在学生中普及足球知识和技能，形成校园足球文化，从而培养全面发展、特长突出的青少年足球后备人才。提高学生的身体素质和技术技能水平，全面发展学生的素质教育。\n    足球社团现共有成员41名，他们分别来自七、八两个年级。由于参加足球社团的学生足球水平高低不同，因此在社团训练过程中，实施分组练习，并采取多种形式进行学习和训练，使同学们能够在训练中真正的练习到适合自己水平的足球训练方法，不断提高自己的足球技术与技能。', 'img/news/90d34a83-93fb-4fe9-aca6-d9bd9bfccbb2-zuqiu2.jpg;img/news/94fa30cd-d32a-4179-9a23-16666f6fbecc-zuqiushefengcai.jpg;', '社团风采', '已发布', null, '2019-11-21 09:09:37'), ('2', '2', null, '本学期社团推优说明', '请各社团及时填写表格，交至理4-311', 'img/news/gongshi.png;', '公示', '已发布', null, '2019-12-04 13:00:00'), ('8', null, '1', 'test1', 'aaaa', 'img/news/zuqiushefengcai.jpg;', '活动回顾', '已删除', null, '2019-12-14 12:40:02'), ('9', null, '1', 'hhh', 'high', 'img/news/zuqiushefengcai.jpg;', '社团风采', '已删除', null, '2019-12-14 12:43:06'), ('12', null, '1', '沙克哈', '贺卡活动空间啊换手机啊客户端上看', 'img/news/shetuanfengcai.png;img/news/zuqiushefengcai.jpg;', '社团风采', '已删除', '瞎写', '2019-12-15 19:52:13'), ('13', '1', null, '学生社团周度活动考核公示', '为了让大家及时了解各个社团的近期活动，进一步加强学生社团的文明建设，打造校园社团文化品牌。现对活动考核合格且表现良好的社团活动公示如上。公示期自即日起3个工作日，即12月16日~12月18日，凡对上述活动的考核有异议者，请联系学生社团联盟实践部朱栋（18958032512）朱丹丹（13646893611）', 'img/news/abaa5679-28d7-4bf2-85e2-82510a1bedf7-hdhw.jpg;', '公示', '已发布', null, '2019-12-16 08:00:40'), ('14', null, '3', '摄影协会索尼讲座', '2019年11月24日索尼讲座如期召开，老师对摄像及摄影两方面进行了培训。前半场，老师对索尼产品的性能进行了介绍，索尼的微单系列，凭借其相机小型化、便捷化、高画质的优势，在视频拍摄方面，优势十分突出。后半场，梁俊老师推荐了亚当斯、布列松、川内伦子、何藩等摄影师及其自身的摄影作品，向我们介绍了不同风格的风景和人像的拍摄技巧，在立意、构图等方面进行了深入讲解，听者收获颇丰。', 'img/news/3a538e99-2fb7-4010-b9ee-f916bd5d685a-018f8.jpg;', '活动回顾', '已发布', null, '2019-12-16 08:03:09'), ('15', '1', null, '社长小会 ——面对面沟通，求更好发展', '因社团负责人更换，为了让新的社团负责人能更好地了解社团活动的相关事项，学生社团联盟于2019年12月4日—12月5日分别在文一124和文一120召开了社长小会。浙江大学城市学院学生社团联盟社长小会于文一124顺利举行。参加本次会议的有学生社团联盟相关人员及各社团负责人。会议由组织部部长段雯月主持，简单介绍了本次会议的目的——提高社团干部的综合素质和责任意识，加强社团负责人对开展社团活动的相关规则的认识。\n\n社联办公室副部长上台发言，对社团办公室的物品管理与使用提出了再次说明，并强调了《学生办公室使用条例》的实施。事务部部长进一步强调了社团校内外活动备案流程，素质分活动申请需要填表与核心成员申请相关事项。社联新闻部部长讲述了学生社团申报学生社团联盟微信工作平台宣传推广协助需求须知。实践部部长对社团活动商业性行为认定进行了进一步的说明，副部长讲述了社团活动后期反馈注意事项。组织部部长上台讲述了学生社团变更登记章程与社团宣传违规行为，强调以社团为名义进行活动需要进行活动备案。会议的最后，组织部负责人介绍了社团的变更、注销与学生社团违规的处理办法。相信经过这次深入交流，社团活动的开展会更加有序而规范，学生社团联盟也会在管理社团、协助社团等方面做得更好，我们的校园生活会更加精彩。', 'img/news/8a92fb32-585a-4dcd-86f6-1b7fb79b5d39-2fb90.jpg;img/news/9a570a46-0c28-4bc8-9550-019367026c0b-2418.jpg;img/news/93500602-b506-4bd2-9842-7ca5eb0368d4-beefb5.jpg;img/news/a100cc1d-798a-43a5-9241-675e595f560b-fab0e6.jpg;', '活动回顾', '已发布', null, '2019-12-16 08:09:25'), ('16', null, '15', '动漫社秋叶祭', '11月17日晚上6点半，游漫部落举行了秋夜祭，也是迎新晚会，秋夜祭在理科2号楼118教室举行。\n在中午的招新活动结束之后，就开始着手准备晚上的秋夜祭了，秋夜祭是从开学没多久后就开始筹备的项目，大家都想努力去将它做到最好。\n随着时间逐渐接近6点半，新生陆陆续续的进场，随着主持人茶猹和丰织的登场，秋夜祭正式开始。在开场舞触摸天空之后，社长——秋山上台介绍了社团，随后是cos部部长水目演唱离去之原，并且介绍cos部和舞台剧组。接下来是由苏言朽带领宅舞组的各位带来的宵宵古今的舞蹈表演，并且介绍了宅舞组，之后就是由椰菜大佬带来的整活唱歌，并代替良夜组长介绍了唱见组。再接下来是苏苏再次表演献唱。并接着是原创部的介绍与原创部准备的你画我猜的游戏，以及道具部准备的响声与道具部的介绍，最后则是推送部的介绍与肥宅问答环节的游戏。在节目中间插入2次奖品抽奖，最后则是闭幕舞是苏苏带来的极乐净土独舞与大奖的抽奖。至此全部秋夜祭的流程结束。', 'img/news/6b373228-9ab7-4b77-85a9-4a4eeb7bc947-7e3b91.jpg;img/news/f65101c5-278f-4cc7-8560-ec34af9cd0fe-f4e99d5.jpg;', '活动回顾', '已发布', null, '2019-12-16 08:13:16'), ('17', null, '37', '日语讲座', '外国语学院日本语协会于2019年11月26日下午18：30在文一420教室，召开了日语讲座，著名讲师李胜博和上海卫视中日新视界主持人徐初照为此次讲座主讲人、商学院经管1804张若琪为讲座主持。日语专业教师王晓范带领日语1901全体学生以及各分院对日语感兴趣 的同学有幸聆听了此次讲座。李老师与徐老师围绕他们在日本乡下的所见所闻以及他们对日语学习，日语专业学生创业的看法等方面进行了讲演，两位老师的个人魅力深深地折服了在场的每位同学。\n主讲人李胜博与徐初照两位老师凭着他们在多年教学与日本旅游积累的经验和丰富的阅历，给学生讲解及分析了许多他们在日本乡下见到的日本面貌，他们在日语学习中遇到的问题，并同时向日语专业的同学们提出几点希望：第一，希望同学们扩大知识面，走出去看看世界；第二，希望同学们注意把自己的所学专业和社会需求相结合起来，注重实际技能的培养。此次讲座内容丰富多彩，语言生动幽默且具有哲理，同学们均感到受益匪浅。\n本次讲座，日语协会为同学们提供了一个和名师面对面接触的机会，为大家以后的专业学习指明了方向。整个讲座在同学们热烈的掌声中结束了，同学们表示在此次讲座中，收获颇丰，深刻领略到了两位讲师的个人魅力，一定会牢记两位讲师的谆谆教导。', 'img/news/huodonghuigu.png;', '活动回顾', '已发布', null, '2019-12-16 08:15:12'), ('18', '1', null, '社联干训：我通知，你被逮捕了', '在遥远的未来\n社联的秘宝被犯罪团伙偷窃\n他们还逃到了当今\n\n\n为了阻止这一切\n鹿人甲追踪他们来到了2019\n希望现在的社联成员们\n能够通过线索来抓获犯罪团伙\n究竟他们成功了吗？\n一支出色的队伍\n首先就是要有一个好的队名和LOGO\n为此各个干事绞尽脑汁\n创作了多样的队牌\n冒险第一站\n各小队来到了情人坡\n等待他们的会是什么呢？\n有助于血液循环的指压板\n入口即酸爽的柠檬片\n质量好的挤不爆的气球\n都没能难倒我们的干事们\n在紧张的时间限制下\n出色地完成了任务\n在顺利通过第一关后\n紧接着就是冒险第二站\n南校篮球场\n这里又会有怎样的考验呢？\n掷骰选择进球数后轮流投篮\n篮球场的干事们\n个个都大展身手\n投出一记漂亮的进球\n这场运气与实力的双重考验\n也没能困住他们\n冒险还在继续\n结束了在校内的任务后\n干事们跟随着鹿人甲的指引\n依次前往博物馆、河坊街、西湖\n继续找寻线索\n从柳浪闻莺到夕照毓秀\n再从花港观鱼到芍药圃\n干事们的脚步从未停下\n寻找NPC\n完成有趣的任务\n让冒险之路充满了欢乐\n干训圆满成功\n离不开每位成员的积极参与\n社联因为有了你们\n变得越来越好\n社联真正的秘宝\n就是你们\n未来的方程式是未知的\n但同样也是充满无限可能的\n只要和你们在一起\n就有了面对未来的勇气\n', 'img/news/bf0b3661-50be-4159-911f-b0ea15b6795b-d02b.jpg;img/news/f401377a-ecdd-4267-a310-566fa620b5a6-363.jpg;img/news/f720d3cd-8845-466a-87b8-24b4c6be9855-d23.jpg;', '活动回顾', '已发布', null, '2019-12-16 08:19:37'), ('19', '1', null, '11月27日学生社团办公室检查', '为确保我校社团办公室的合理应用，11月27号学生社团联盟对社团办公室进行全面监督检查。现就检查结果作如下说明：\n1.此次检查中，公共管理研究会、Hand in hand手语社、羽毛球协会、广告协会、自由灵魂轮滑社、风云棋社、网球协会、DK同人社、崇正雅集华服社、匠造社、心理协会、法学研究会、织翼心言协会、未闻诗社、疾风文学社、爱心教育研究基地、西城心旅、吉他协会、演讲与口才协会、书画协会等的办公室环境情况保持良好，希望可以继续保持。\n2.以下社团仍存在垃圾未及时清理的情况：城霁单车、摄影协会、黑翼魔术社；以下社团存在忘记拔插线头的情况：游漫部落、自由灵魂轮滑社。希望各社团都能引起高度重视，不要再次出现此类现象。\n3.社团办公室存在的不足主要体现在未及时清理垃圾、未及时断电的情况，请未达标的社团及时整改。\n4.望各社团在使用办公室的同时珍惜办公室资源，遵守办公室使用规章制度，维持办公室的卫生，谢谢大家。', 'img/news/gongshi.png;', '公示', '已发布', null, '2019-12-16 08:21:02'), ('20', '1', null, '2019-2020学年第一学期十一月份及十月末素质分与参与人员证明', '各位同学：\n2019-2020学年第一学期十一月份及十月未公示的社团及社联素质分活动参与人员名单公示已更新至团委网，请同学们登陆团委网（tw.zucc.edu.cn)自行查看（详见团委网附件也可点击阅读原文获取），公示期为12月5日到12月6日。\n如需证明的同学请在于值班台值班时间（12:00-13:00，15:20-17:00）内携带以下两份纸质版文件到理科四号楼学生服务中心6号值班台进行盖章：\n1、填写完整的社联及社团活动参与证明（见团委网或阅读原文）。\n2、相应社团活动参与人员名单中含被证明同学信息页的打印文件。\n若各位同学需申请素质分，请务必根据名单确认无误后申请，名单中不含者不予提供证明，活动签到中信息不全者不列入名单，活动签到中未进行二签者不列入名单。\n如名单中有信息错误或其他疑问请联系：\n钱同学 18368772087\n雷同学 13656647563', 'img/news/gongshi.png;', '公示', '已发布', null, '2019-12-16 08:21:45'), ('21', '1', null, '学生社团联盟第十八届干事名单公示', '浙江大学城市学院学生社团联盟\n于十一月下旬开展了干事选拔工作\n经过报名、面试、干训\n现一个月的考察试用期满\n经过层层考验和筛选\n现正式公布以下同学为学生社团联盟干事\n外联部：\n汤欣宴 俞佳鑫 黄紫怡 徐淑仪 祝雯轩\n 蔡子杰 张镇濠 谢梦婷 张瑜越 傅康业\n 寿航潇 张玉翰 吕杨 姚毅 张铄\n办公室：\n黄献媚 金多喜 史千诺 祝瑜婷 王永煜\n张明涵 沈煜波 王梦瑶 潘仲菁 陶鸿玮\n李琪琪 陈紫怡 王孟涛 刘柯仪事务部\n梁沛怡 董舒珂 许心愿 姜琳琪 王家俊\n吴秉晏 郑伊米 张艺川 黄霖骁 赵鹭茜\n葛豪杰 陈王俊 江行方 厉霞洁 朱可勖\n杜晗琦 余桐 何佳敏\n\n\n组织部：\n王旭辰 周檑涧 余德杰 陆晓妍 黄庆涵\n薛晨晨 岳漫文 何哲雅 周群洸 程佳君\n陈嘉岚 赵璐 季婕 蒋妙伟\n\n\n实践部：\n刘柏轩 宋建豪 何嘉俊 李昭宇 周泓宇\n武清博 杨邦城 王凌曙 胡紫姗 黄聪慧\n张思欣 高欣宇 吴倩 彭诗琦 覃毓思\n\n\n宣策部：\n王惠美 沈奇妙 郑若斯 韦漫丽 陈怡彤\n廖静怡 高文卓 王思薇 洪文东 叶星麟\n邢畅 余安然 王若宁 尚浩天 杨阳\n冯君 钟源\n\n\n新闻部：\n洪可人 周子棋 王睿洁 傅怡泓 王子越\n俞夏瑶 赵恬妞 周依然 韩佳琳 黄新四\n郎格嘉 徐书婷 张梓萌 齐济\n\n\n财务部：\n吴露萍 赵汤冉 姜俊岚 沈忆文 施睿仡\n应佳倩 龚斯珂 金方园 徐潇 陈楠 孙唯\n车驰 黄宇', 'img/news/gongshi.png;', '公示', '已发布', null, '2019-12-16 08:25:20'), ('22', null, '19', '给我一整个拥抱，好让我不至于太潦倒', '突如其来的降温令人猝不及防\n当冷风刮过脸颊，吹入衣襟\n你会不会想要得到一个拥抱呢？每年十二月初\n我们都会以求拥抱、酷跑等形式\n在西子湖畔\n进行防艾抗艾相关知识的科普与宣传\n过去的几年里\n我们用眼睛、文字和镜头\n见证过无数个近距离的拥抱\n他们来自\n我们的同龄人\n被爸爸妈妈鼓励的小朋友 \n慕西湖之名来杭州游玩的游客,\n友好的外国友人\n......', 'img/news/0e4c195d-4e3e-4bdc-b743-268fd3bd3603-4f8b8a7.jpg;img/news/62467c90-79c1-4695-8802-6afda39d5ad3-70d67c5f.jpg;', '活动回顾', '已发布', null, '2019-12-16 08:27:50'), ('23', null, '2', '追风少年篮球社团', '追风少年篮球社团成立于2016年，到现在为止已经3岁了。社团成立以来，我们将热爱变成动力，从热爱中寻找快乐，用快乐强化热爱。每天清晨在孟祥平、王帅老师的带领下坚持训练，孩子们基本功扎实，先后在学校的运动会、大型学科展示活动、新加坡海星学校来访、雁塔区双常规检查等活动中进行展示表演，均获得好评。在去年陕西省首届校园小篮球联赛中获得U10组二等奖；今年陕西省“协会杯”小篮球联赛中获得U10组冠军的好成绩。每个热爱篮球的孩子都拥有一个球星梦，追风少年的队伍中的每一个孩子都在为了自己的这个梦而不懈努力，每一个清晨和日落，都记录着他们逐梦路上中的点点滴滴。在追逐的路上，他们斗志昂扬，信念坚定，用汗水努力拼搏，用激情浇灌着梦想。未来有时仿佛很远，现在的每一步都要坚定努力；未来有时又会很近，踮起脚就能更靠近阳光。在成长的路上，我们都是逐梦人！', 'img/news/51d9287c-7744-4062-a1ef-8ef1b1d274e8-45cec61.jpg;img/news/3dd3342d-6997-4e42-adf7-90bad053e765-b0cc977e784.jpg;', '社团风采', '已发布', null, '2019-12-16 08:34:01'), ('24', null, '3', '摄影社：用镜头纪录生活 ', '摄影社，一个“捕风捉影”的社团，是记录美好回忆的社团。这里是你梦想的殿堂，是你快乐成长的天地，是你交友的乐园。只要一个相机，就可以让你的生活定格，展现属于你的精彩回忆。摄影的魅力在于按下快门，记录感动的刹那。很多美不需要太多优美的动作去诠释，而恰恰仅需要一个画面去记录每个永恒的瞬间。 还在犹豫什么，摄影社是你最好的选择，选择摄影，记录你的绚烂人生！\n摄影社的工作人员们穿梭于学校各种重要活动，纪录一线场景。我们是幕后工作者，幽灵般无声无息地存在，带走最真实的纪录。\n对于新闻报道的配图，图片本身不但要还原现场图片，突出人物特点的左右，还用对文字有很好的补充作用。所以尽量避免大头类的特写，要对现场环境做个很好的交代才是目的。在拍摄时，可以选择主人公的生活场景，就地取材，运用一些中景交代环境。同时也可以拍摄一些生活场面，展现最真实的现场，增加代入感。\n对于一些比赛现场的报道，绝对是个技术活了！因为所有记录者都会被隔绝在赛区外面，所以对于这种拍摄，长焦镜头就显得尤为重要。但是光有长焦镜头还远远不够，被拍摄者多在进行速度与激情的竞技，所以他们出现在镜头里的时间可能非常简短，这就需要用到追随拍摄。追随拍摄顾名思义，镜头追随被摄者在运动过程中拍摄，虽然整个过程是在动态中完成，但是镜头和被摄者可以在短期内保证一个相对的静止，所以可以扑捉被拍摄者。这个拍摄方法对于摄影师本身的操作和预见性是个很大的考验，日常可以通过训练加强。向你讲述摄影的这门艺术的乐趣，传授各种技巧，教你如何在日常生活中拍出各种高大上的照片。\n\n摄影社是摄影爱好者们交流的平台，是摄友们交流学习的机会，加入摄影社，参加各类活动，总能收获颇丰。\n\n看了这么多，想必你已经心动了吧，无论你是否有高大上的单反相机，无论你是否有高深的摄影技术，心怀一份热情，摄影社就是你的家，赶紧加入我们吧，我们在新学期等你！', 'img/news/shetuanfengcai.png;', '社团风采', '已发布', null, '2019-12-16 08:36:24'), ('25', null, '26', '乒乓球新生杯', '又一年金秋，又一度的“新生杯”。在这样的好季节里好天气下，浙大城院中涌动着一股新鲜血液，这一批的城院学子中，也少不了众多的乒乓球爱好者。乒乓球新生杯就是他们的舞台，带上球拍，以球会友，与来自各个专业的对手一决高下吧。\n这次的比赛提前到了11月2日，不像往年那样在寒冷的12月进行。由于都是新生，很难组建团队，所以新生杯只有单打的比赛。想要参加的同学就自主报名，原本我们计划采用先循环赛后淘汰赛的赛制，但是这次的报名人数太多，出乎我们的意料，只好将比赛机制改成直接进行淘汰赛。统计了参赛选手的时间安排我们才发现，原来这天有好多专业的同学都需要进行考试，所以我们不得不将比赛分为了上半区和下半区，以保证更多的同学能够参加本次比赛。由于男生人数较多，我们又将两个半区分成了AB组。比赛规则严格按照国际标准，8强前采取三局两胜胜制，8强后采取五局三胜制，直至决出前8名的具体名次。\n上午的比赛显得十分焦灼，短短的几小时中，每一位球员都铆足了劲的打，精彩的球技，着实让看官们忍不住叫好。虽然围观群众非常之多，但在选手们的眼中，却只有那颗飞速旋转着的乒乓球，以及对面选手的每一个步伐。经过一番拼搏后，最终决出了上半区的男子四强和女子四强。而最精彩的半决赛和决赛当然要放在最后了。\n下午的比赛也同样精彩，我们很快就迎来了下半区的四强选手。到了最具观赏性的比赛了，球桌边上围着的观众也越来越多，每个人都屏住呼吸，只能听到球在桌上弹起时发出的“乒乓”声。恭喜在本次比赛中取得优异的成绩的同学。同时感谢乒乓球协会工作人员的辛勤付出，让本次新生杯圆满落幕。在这一次的比赛中，涌现出了一批实力较强的选手，他们将在之后的城院杯上为各自的学院征战，甚至在不久的将来，代表城市学院去参加比赛。也期待下一届的乒乓球新生杯，能够出现更多新的面孔。', 'img/news/839ca557-bd36-4b0a-a9b6-c71c77a7d970-0bdda03c-a5ed.png.jpg;img/news/bfa3630c-60d3-446f-8035-e778d7a128c8-1694228.jpg;', '活动回顾', '已发布', null, '2019-12-16 08:39:17'), ('26', null, '1', '足球协会 挥汗如雨 奔跑青春', '兰州国际马拉松创办于2011年，是由中国田径协会、甘肃省体育局、兰州市人民政府共同主办的一项赛事，至今已连续举办了八届。该赛事是甘肃省、兰州市迄今组织的规模最大、参赛人数最多的国际体育赛事，在国内外有着产泛的影响。\n兰州国际马拉松赛比赛线路设在兰州多年精心打造的城市名片黄河风情线沿线，沿途景色优美，山静水动，风景宜人。参赛者在奔跑过程中可以领略到黄河沿岸所特有的自然生态景观，将马拉松挑战自我、超越极限、坚韧不拔、永不放弃的精神与奔腾不息的黄河文化相融合，成为西北地区独具魅力的马拉松赛事。\n6月2日早上，万众瞩目的2019年兰州国际马拉松鸣枪开跑，我校足球协会会长石福坤，副会长吴帆积极响应，踊跃参与，并在比赛中取得了不俗的成绩，充分展现了兰职学子积极向上，年轻有为，奋发图强的精神状态，真是银鞍照白马，飒沓如流星啊。其中尤其是足协副会长吴帆，自首次兰州国际马拉松参赛，每届都有他的身影，坚持下来，实属不易，为他点赞。\n在他们挥汗如雨为青春奔跑的同时，有这么一群人，顶着烈日，冒着酷暑，力求为参加兰州国际马拉松的每一位选手创造出更加舒适的比赛环境，他们就是来自于兰州职业技术学院的兰马志愿者。陌生的面孔，熟悉的笑容是对他们最准确的描述。萍水相逢，不变的是真诚的微笑。\n“忘了自己，宽了胸怀”是对志愿者们由衷的赞美。他们无私奉献，他们耐心包容，他们乐于助人。为他们点赞！\n在兰马半程终点处，碰见了我校志愿者们，并且感谢这些兰州职业技术学院的优秀学子们，感谢他们在炎日之下的辛苦付出。是啊，恰同学少年，风华正茂；书生意气，挥斥方遒。我们都需感谢青春，我们都应不负青春。足球协会加油！', 'img/news/huodonghuigu.png;', '活动回顾', '已驳回', '文章过于单调，请重新编写。', '2019-12-16 08:48:38'), ('27', null, '1', '抢一个足球 拼一种精神', '6月17日早上，为迎接大运会的到来，我校足球队与甘肃交通职业技术学院校足球队的足球友谊赛在我校足球场上如火如荼地开始了。\n 整场比赛打得十分火热，双方的攻势此起彼伏。上半场刚开场不久，交职足球队就趁我校足球队立足未稳由他们的前锋19号攻进一球，只见他像一只刚下山的猛虎一样，不断地冲击着我院足球队的后防线。随后攻势有增无减，但我院足球队这边毫不示弱，凭借积极地拼抢，创造了好几次很有威胁的射门，只可惜都没有转化成得分。\n下半场，我院足球队重新调整了战略阵型，调整心态进行反攻。每位队员的激情丝毫不弱于交职院足球队。只见他们在场上争先恐后，来回传球，很快就扳平了比分，场上形势越来越胶着，场边的观众也渐渐的多了起来，大家连连欢呼叫好，紧张的气氛一直环绕在球场上方。\n双方僵持十几分钟后，交职院足球队率先打破僵局。随着比赛的深入，我院足球队球员体力下降明显，交职足球队抓住机会，连进两球，扩大比分。\n 比赛结束，双方合影留念。对于比赛的结果，有开心的人也有不开心的人。但每个人都在比赛中体会到了成长，不管谁输谁赢都不再那么重要了，最重要的是每个人都拥有了成长的过程 大家在一起并肩奋战，有快乐也有伤心，有热情也有失意，有胜利感也有挫败感。每个人就是在这样一场场比赛中成长，队伍也在吸取经验不断发展强大，然后，迎接新的挑战。', 'img/news/17d2b227-3bb6-41c4-8cba-72a15409fc36-f5d586838.jpg;', '活动回顾', '发布待审', null, '2019-12-16 08:52:18'), ('28', null, '1', '足球社的历史', '足球社与校足球队共同成立于2009年，但足球社意在推广校园足球文化，提高足球在二中的知名度，带动同学们对运动的积极性。许多加入足球社的同学都感受到了运动的乐趣，并积极的参与体育运动。\n近几年足球社在指导老师李然的指导下，开展了许多有关于校园足球活动，例如现在如火如荼的校园足球联赛，承办桂超联赛开幕式，与兄弟学校进行友谊赛等。今年，足球社还与广西滨江足球俱乐部合作，意在提高我校的校园足球文化水平，滨江足球俱乐部带来了高质量的比赛和训练条件，给我校足球水平有所提升。\n足球社正在以积极向上的姿态不断发展，为校园足球事业做出自己的贡献，足球社未来将会以更全面的发展，让校园足球文化成为二中一道靓丽的风景线。\n', 'img/news/shetuanfengcai.png;', '社团风采', '修改待审', null, '2019-12-16 08:54:01');
COMMIT;

-- ----------------------------
--  Table structure for `tbl_notice`
-- ----------------------------
DROP TABLE IF EXISTS `tbl_notice`;
CREATE TABLE `tbl_notice` (
  `nid` int(11) NOT NULL AUTO_INCREMENT,
  `cid` int(11) DEFAULT NULL,
  `noti_contents` varchar(400) COLLATE utf8_bin DEFAULT NULL,
  `noti_state` varchar(20) COLLATE utf8_bin DEFAULT NULL,
  `noti_time` varchar(100) COLLATE utf8_bin DEFAULT NULL,
  PRIMARY KEY (`nid`),
  KEY `FK_有` (`cid`),
  CONSTRAINT `FK_有` FOREIGN KEY (`cid`) REFERENCES `tbl_club` (`cid`)
) ENGINE=InnoDB AUTO_INCREMENT=13 DEFAULT CHARSET=utf8 COLLATE=utf8_bin;

-- ----------------------------
--  Records of `tbl_notice`
-- ----------------------------
BEGIN;
INSERT INTO `tbl_notice` VALUES ('1', '1', '本周五17:00到教三115开会', '已发布', '2019-11-21 08:52:21'), ('2', '2', '请大家准备好护膝哦', '已修改', '2019-11-21 08:53:31'), ('3', '7', '明天打架', '已删除', null), ('4', '7', '打架不慌', '已发布', '2019-12-15 21:50:03'), ('5', '1', '下周（11月24日）的例会取消一次，请相互转告', '已发布', '2019-12-16 15:40:54'), ('6', '1', '12月23的活动还需要2名工作人员，请有空的同学速速联系社长（13756743345）', '已发布', '2019-12-16 15:42:13'), ('7', '1', '下周社团活动时间有学生会过来检查，请及时到场！', '已发布', '2019-12-16 15:43:01'), ('8', '1', '学期即将结束，请大家把本学期的总结在12月30日之前发给我（微信号13478886543）', '已发布', '2019-12-16 15:44:24'), ('9', '5', '原定于12月20日交的圣诞节策划需要提前至12月17日上交，请负责该活动的成员们抓紧时间', '已发布', '2019-12-16 15:46:00'), ('10', '6', '下周例会提前至7点开始，请相互转告', '已发布', '2019-12-16 15:47:08'), ('11', '9', '11月魔术道具采购的费用共1234元，扣除此费用后，社团金库还有2323元，在此告知。有疑议者可联系财务部长（1324453456）', '已发布', '2019-12-16 15:49:15'), ('12', '12', '紧急！今天下午会有专业合唱老师过来，请有空的成员到合唱教室集合', '已发布', '2019-12-16 15:50:25');
COMMIT;

-- ----------------------------
--  Table structure for `tbl_user`
-- ----------------------------
DROP TABLE IF EXISTS `tbl_user`;
CREATE TABLE `tbl_user` (
  `uid` int(11) NOT NULL AUTO_INCREMENT,
  `sduid` varchar(40) COLLATE utf8_bin DEFAULT NULL,
  `emid` varchar(40) COLLATE utf8_bin DEFAULT NULL,
  `name` varchar(40) COLLATE utf8_bin DEFAULT NULL,
  `pwd` varchar(20) COLLATE utf8_bin DEFAULT NULL,
  `type` varchar(20) COLLATE utf8_bin DEFAULT NULL,
  `sex` varchar(10) COLLATE utf8_bin DEFAULT NULL,
  `major` varchar(40) COLLATE utf8_bin DEFAULT NULL,
  `class_num` varchar(40) COLLATE utf8_bin DEFAULT NULL,
  `phone` varchar(40) COLLATE utf8_bin DEFAULT NULL,
  `email` varchar(40) COLLATE utf8_bin DEFAULT NULL,
  `user_logo` varchar(200) COLLATE utf8_bin DEFAULT NULL,
  `user_state` varchar(20) COLLATE utf8_bin DEFAULT NULL,
  PRIMARY KEY (`uid`),
  UNIQUE KEY `sduid` (`sduid`),
  UNIQUE KEY `emid` (`emid`)
) ENGINE=InnoDB AUTO_INCREMENT=50 DEFAULT CHARSET=utf8 COLLATE=utf8_bin;

-- ----------------------------
--  Records of `tbl_user`
-- ----------------------------
BEGIN;
INSERT INTO `tbl_user` VALUES ('1', '31701111', 'J000000', '林达', '123456', '超级管理员', '男', '', '', '13456567689', 'ams@zucc.edu.cn', 'img/user/stu-init.jpg', '可用'), ('2', '31702222', 'J017001', '张扬', '123456', '管理员', '男', '计算机科学与技术', '1705', '13589786009', 'dhfjenfj@163.com', 'img/user/stu-init.jpg', '可用'), ('3', '31703333', 'J017002', '黄晓芸', '123456', '管理员', '女', '统计学', '1801', '13876859945', '457834321@qq.com', 'img/user/stu-init.jpg', '可用'), ('4', '31704444', 'J017003', '张三三', '123456', '管理员', '男', '计算机科学与技术', '1901', '13665899776', '148273648@qq.com', 'img/user/stu-init.jpg', '可用'), ('5', '31700000', null, '李四', '123456', '学生', '男', '计算机科学与技术', '1701', '13589786513', 'ahskdjehf@126.com', 'img/user/stu-init.jpg', '可用'), ('6', '31700002', null, '李斯', '123456', '学生', '女', '计算机科学与技术', '1701', '15928377422', 'kdjfhwoeu@qq.com', 'img/user/stu-init.jpg', '可用'), ('7', '31700003', null, '许哈哈', '123456', '学生', '女', '计算机科学与技术', '1701', '13477586645', 'shwfvjf@163.com', 'img/user/stu-init.jpg', '可用'), ('8', '31700004', null, '俞哈哈', '123456', '学生', '女', '计算机科学与技术', '1701', '17306408255', '285065029@qq.com', 'img/user/stu-init.jpg', '可用'), ('9', '31700005', null, '林哈哈', '123456', '学生', '男', '外语', '1701', '17382938837', 'sjdkhfow@qq.com', 'img/user/stu-init.jpg', '可用'), ('10', '31700006', null, '谢哈哈', '123456', '学生', '男', '外语', '1701', '17382983001', 'jthrufnew@163.com', 'img/user/stu-init.jpg', '可用'), ('11', '31700007', null, '刘哈哈', '123456', '学生', '女', '外语', '1701', '13827394421', 'dhfjenfj@163.com', 'img/user/stu-init.jpg', '可用'), ('12', '31700008', null, '梁哈哈', '123456', '学生', '男', '外语', '1701', '13829383372', '457834321@qq.com', 'img/user/stu-init.jpg', '可用'), ('13', '31700009', null, '李佳诚', '123456', '学生', '男', '外语', '1701', '13589786513', '148273648@qq.com', 'img/user/stu-init.jpg', '可用'), ('14', '31700010', null, '林一', '123456', '学生', '女', '计算机科学与技术', '1701', '15928377422', 'ahskdjehf@126.com', 'img/user/stu-init.jpg', '可用'), ('15', '31700011', null, '林二', '123456', '学生', '女', '计算机科学与技术', '1702', '13477586645', 'kdjfhwoeu@qq.com', 'img/user/stu-init.jpg', '可用'), ('16', '31700012', null, '林三', '123456', '学生', '女', '计算机科学与技术', '1702', '17306408255', 'shwfvjf@163.com', 'img/user/stu-init.jpg', '可用'), ('17', '31700013', null, '林四', '123456', '学生', '男', '计算机科学与技术', '1702', '17382938837', '285065029@qq.com', 'img/user/stu-init.jpg', '可用'), ('18', '31700014', null, '林五', '123456', '学生', '男', '信电', '1702', '17382983001', 'sjdkhfow@qq.com', 'img/user/stu-init.jpg', '可用'), ('19', '31700015', null, '张四', '123456', '学生', '女', '信电', '1702', '13827394421', 'jthrufnew@163.com', 'img/user/stu-init.jpg', '可用'), ('20', '31700016', null, '张五', '123456', '学生', '男', '信电', '1702', '13829383372', 'dhfjenfj@163.com', 'img/user/stu-init.jpg', '可用'), ('21', '31700017', null, '张六', '123456', '学生', '男', '信电', '1702', '13589786513', '457834321@qq.com', 'img/user/stu-init.jpg', '可用'), ('22', '31700018', null, '张七', '123456', '学生', '女', '信电', '1702', '15928377422', '148273648@qq.com', 'img/user/stu-init.jpg', '可用'), ('23', '31700019', null, '李一', '123456', '学生', '女', '计算机科学与技术', '1702', '13477586645', 'ahskdjehf@126.com', 'img/user/stu-init.jpg', '可用'), ('24', '31700020', null, '李二', '123456', '学生', '女', '计算机科学与技术', '1702', '17306408255', 'kdjfhwoeu@qq.com', 'img/user/stu-init.jpg', '可用'), ('25', '31700021', null, '李三', '123456', '学生', '男', '计算机科学与技术', '1703', '17382938837', 'shwfvjf@163.com', 'img/user/stu-init.jpg', '可用'), ('26', '31700022', null, '谢一', '123456', '学生', '男', '传媒', '1703', '17382983001', '285065029@qq.com', 'img/user/stu-init.jpg', '可用'), ('27', '31700023', null, '谢二', '123456', '学生', '女', '传媒', '1703', '13827394421', 'sjdkhfow@qq.com', 'img/user/stu-init.jpg', '可用'), ('28', '31700024', null, '谢三', '123456', '学生', '男', '传媒', '1703', '13829383372', 'jthrufnew@163.com', 'img/user/stu-init.jpg', '可用'), ('29', '31700025', null, '谢四', '123456', '学生', '男', '传媒', '1703', '13589786513', 'dhfjenfj@163.com', 'img/user/stu-init.jpg', '可用'), ('30', '31700026', null, '谢五', '123456', '学生', '女', '传媒', '1703', '15928377422', '457834321@qq.com', 'img/user/stu-init.jpg', '可用'), ('31', '31700027', null, '王一', '123456', '学生', '女', '计算机科学与技术', '1703', '13477586645', '148273648@qq.com', 'img/user/stu-init.jpg', '可用'), ('32', '31700028', null, '王二', '123456', '学生', '女', '计算机科学与技术', '1703', '17306408255', 'ahskdjehf@126.com', 'img/user/stu-init.jpg', '可用'), ('33', '31700029', null, '王三', '123456', '学生', '男', '计算机科学与技术', '1703', '17382938837', 'kdjfhwoeu@qq.com', 'img/user/stu-init.jpg', '可用'), ('34', '31700030', null, '王四', '123456', '学生', '男', '计算机科学与技术', '1703', '17382983001', 'shwfvjf@163.com', 'img/user/stu-init.jpg', '可用'), ('35', '31801001', null, '王五', '123456', '学生', '女', '临床医学', '1801', '13827394421', '285065029@qq.com', 'img/user/stu-init.jpg', '可用'), ('36', '31801002', null, '王六', '123456', '学生', '男', '临床医学', '1801', '13829383372', 'sjdkhfow@qq.com', 'img/user/stu-init.jpg', '可用'), ('37', '31801003', null, '王七', '123456', '学生', '男', '临床医学', '1801', '13589786513', 'jthrufnew@163.com', 'img/user/stu-init.jpg', '可用'), ('38', '31801004', null, '魏小红', '123456', '学生', '女', '临床医学', '1801', '15928377422', 'dhfjenfj@163.com', 'img/user/stu-init.jpg', '可用'), ('39', '31801005', null, '林小霞', '123456', '学生', '女', '临床医学', '1801', '13477586645', '457834321@qq.com', 'img/user/stu-init.jpg', '可用'), ('40', '31801006', null, '张小慧', '123456', '学生', '女', '临床医学', '1801', '17306408255', '148273648@qq.com', 'img/user/stu-init.jpg', '可用'), ('41', '31801007', null, '谢小专', '123456', '学生', '男', '临床医学', '1801', '17382938837', 'ahskdjehf@126.com', 'img/user/stu-init.jpg', '可用'), ('42', '31801008', null, '林小肯', '123456', '学生', '男', '临床医学', '1801', '17382983001', 'kdjfhwoeu@qq.com', 'img/user/stu-init.jpg', '可用'), ('43', '31801009', null, '王小明', '123456', '学生', '男', '土木工程', '1802', '13827492831', '214976491@qq.com', 'img/user/stu-init.jpg', '可用'), ('44', '31801010', null, '陈莹莹', '123456', '学生', '女', '土木工程', '1803', '13928742213', '13928742213@163.com', 'img/user/stu-init.jpg', '可用'), ('45', '31801011', null, '许小沛', '123456', '学生', '女', '土木工程', '1803', '13564563342', '346758784@qq.com', 'img/user/stu-init.jpg', '可用'), ('46', '31801022', null, '许透明', '123456', '学生', '女', '通信工程', '1801', '13487693400', '23485968495@qq.com', 'img/user/stu-init.jpg', '可用'), ('47', '31801033', null, '俞大胖', '123456', '学生', '女', '广告学', '1802', '13827362212', '299384724@qq.com', 'img/user/stu-init.jpg', '可用'), ('48', '31801044', null, '许大佬', '123456', '学生', '女', '计算机科学与技术', '1903', '18637263312', '18637263312@163.com', 'img/user/stu-init.jpg', '可用'), ('49', '31801055', null, '蔡橙橙', '123456', '学生', '男', '传媒', '1704', '13827362510', '198273647@qq.com', 'img/user/stu-init.jpg', '可用');
COMMIT;

SET FOREIGN_KEY_CHECKS = 1;
